name;boiling_point;SMILES;IUPAC_name;CID;molecular_formula;M1;M2;num_atoms;MW;InChIKey;W;W_log;num_atoms_log;M1_log;polarity_number;n_isomer_p;n_isomer_bp;n_isomer_w;delta_p;delta_bp;delta_w;delta_t;deviation;predicted_bp
Butane;-0.5;CCCC;butane;7843;C4H10;10;8;4;58.124;IJDNQMDRQITEOD-UHFFFAOYSA-N;10;2.302585092994046;1.3862943611198906;2.302585092994046;1;1;-0.5;10;0;0.0;0;0.0;0.0;-0.5
Dodecane;216.3;CCCCCCCCCCCC;dodecane;8182;C12H26;42;40;12;170.33999999999995;SNRUBQQJIBEYMU-UHFFFAOYSA-N;286;5.655991810819852;2.4849066497880004;3.7376696182833684;9;9;216.3;286;0;0.0;0;0.0;0.0;216.3
Propane;-42.1;CCC;propane;6334;C3H8;6;4;3;44.097;ATUOYWHBWRKTHZ-UHFFFAOYSA-N;4;1.3862943611198906;1.0986122886681098;1.791759469228055;0;0;-42.1;4;0;0.0;0;0.0;0.0;-42.1
Ethane;-88.6;CC;ethane;6324;C2H6;2;1;2;30.07;OTMSDBZUPAUEDD-UHFFFAOYSA-N;1;0.0;0.6931471805599453;0.6931471805599453;0;0;-88.6;1;0;0.0;0;0.0;0.0;-88.6
5-Butyldocosane;244.0;CCCCCCCCCCCCCCCCCC(CCCC)CCCC;5-butyldocosane;143267;C26H54;100;100;26;366.7180000000002;CSRNPDQIQWQJCM-UHFFFAOYSA-N;2653;7.88344635413774;3.258096538021482;4.605170185988092;25;23;415.0;2925;-2;171.0;272;28.43195266272189;-142.56804733727813;386.56804733727813
11-Butyldocosane;242.5;CCCCCCCCCCCC(CCCC)CCCCCCCCCC;11-butyldocosane;139473;C26H54;100;100;26;366.71800000000025;HEUYLTACOIADBB-UHFFFAOYSA-N;2485;7.818027938530729;3.258096538021482;4.605170185988092;25;23;415.0;2925;-2;172.5;440;52.78698224852071;-119.7130177514793;362.2130177514793
11-Decylheneicosane;282.0;CCCCCCCCCCC(CCCCCCCCCC)CCCCCCCCCC;11-decylhenicosane;143269;C31H64;120;120;31;436.8530000000004;BCWYKEQUGMQGAP-UHFFFAOYSA-N;3960;8.283999304248526;3.4339872044851463;4.787491742782046;30;28;458.0;4960;-2;176.0;1000;90.97710718002081;-85.02289281997918;367.0228928199792
3,4-Diethylhexane;160.0;CCC(CC)C(CC)CC;3,4-diethylhexane;88038;C10H22;38;41;10;142.286;VBZCRMTUDYIWIH-UHFFFAOYSA-N;125;4.8283137373023015;2.302585092994046;3.6375861597263857;12;7;174.1;165;-5;14.099999999999994;40;11.700000000000003;-2.3999999999999773;162.39999999999998
3,3-Diethylpentane;146.2;CCC(CC)(CC)CC;3,3-diethylpentane;14020;C9H20;36;40;9;128.259;BGXXXYLRPIRDHJ-UHFFFAOYSA-N;88;4.477336814478207;2.1972245773362196;3.58351893845611;12;6;150.8;120;-6;4.600000000000023;32;5.716049382716051;1.116049382716028;145.08395061728396
2,3-Dimethylbutane;58.0;CC(C)C(C)C;2,3-dimethylbutane;6589;C6H14;22;21;6;86.178;ZFFMLCVRJBZUDZ-UHFFFAOYSA-N;29;3.367295829986474;1.791759469228055;3.091042453358316;4;3;68.72;35;-1;10.719999999999999;6;10.833333333333336;0.11333333333333684;57.88666666666666
2,2-Dimethylbutane;49.7;CCC(C)(C)C;2,2-dimethylbutane;6403;C6H14;24;22;6;86.17799999999998;HNRMPXKDFBEGFZ-UHFFFAOYSA-N;28;3.332204510175204;1.791759469228055;3.1780538303479458;3;3;68.72;35;0;19.019999999999996;7;19.055555555555557;0.035555555555561114;49.66444444444444
2,2-Dimethylheptane;133.0;CCCCCC(C)(C)C;2,2-dimethylheptane;14062;C9H20;36;34;9;128.259;PSABUFWDVWCFDP-UHFFFAOYSA-N;104;4.6443908991413725;2.1972245773362196;3.58351893845611;6;6;150.8;120;0;17.80000000000001;16;19.358024691358025;1.558024691358014;131.441975308642
2,3-Dimethylheptane;140.6;CCCCC(C)C(C)C;2,3-dimethylheptane;26375;C9H20;34;34;9;128.25899999999996;WBRFDUJXCLCKPX-UHFFFAOYSA-N;102;4.624972813284271;2.1972245773362196;3.5263605246161616;8;6;150.8;120;-2;10.200000000000017;18;10.777777777777779;0.5777777777777544;140.02222222222224
2,4-Dimethylheptane;132.0;CCCC(C)CC(C)C;2,4-dimethylheptane;16656;C9H20;34;33;9;128.259;AUKVIBNBLXQNIZ-UHFFFAOYSA-N;102;4.624972813284271;2.1972245773362196;3.5263605246161616;7;6;150.8;120;-1;18.80000000000001;18;16.27777777777778;-2.52222222222224;134.52222222222224
2,5-Dimethylheptane;135.0;CCC(C)CCC(C)C;2,5-dimethylheptane;16662;C9H20;34;33;9;128.259;HQZHQNKZOYIKQC-UHFFFAOYSA-N;104;4.6443908991413725;2.1972245773362196;3.5263605246161616;7;6;150.8;120;-1;15.800000000000011;16;13.858024691358025;-1.941975308641986;136.941975308642
2,6-Dimethylheptane;135.0;CC(C)CCCC(C)C;2,6-dimethylheptane;14069;C9H20;34;32;9;128.259;KBPCCVWUMVGXGF-UHFFFAOYSA-N;108;4.68213122712422;2.1972245773362196;3.5263605246161616;6;6;150.8;120;0;15.800000000000011;12;14.518518518518519;-1.2814814814814781;136.28148148148148
3,3-Dimethylheptane;137.0;CCCCC(C)(C)CC;3,3-dimethylheptane;520991;C9H20;36;36;9;128.259;BVAKDOXCVSMKHE-UHFFFAOYSA-N;98;4.584967478670572;2.1972245773362196;3.58351893845611;8;6;150.8;120;-2;13.800000000000011;22;15.617283950617285;1.8172839506172807;135.18271604938272
3,4-Dimethylheptane;140.0;CCCC(C)C(C)CC;3,4-dimethylheptane;13534;C9H20;34;35;9;128.259;MAKRYGRRIKSDES-UHFFFAOYSA-N;98;4.584967478670572;2.1972245773362196;3.5263605246161616;9;6;150.8;120;-3;10.800000000000011;22;10.117283950617285;-0.6827160493827193;140.68271604938272
3,5-Dimethylheptane;135.0;CCC(C)CC(C)CC;3,5-dimethylheptane;13558;C9H20;34;34;9;128.259;DZJTZGHZAWTWGA-UHFFFAOYSA-N;100;4.605170185988092;2.1972245773362196;3.5263605246161616;8;6;150.8;120;-2;15.800000000000011;20;13.197530864197532;-2.602469135802494;137.6024691358025
4,4-Dimethylheptane;134.0;CCCC(C)(C)CCC;4,4-dimethylheptane;136827;C9H20;36;36;9;128.259;WSOKFYJGNBQDPW-UHFFFAOYSA-N;96;4.564348191467836;2.1972245773362196;3.58351893845611;8;6;150.8;120;-2;16.80000000000001;24;18.037037037037038;1.2370370370370267;132.76296296296297
2,2-Dimethylhexane;106.8;CCCCC(C)(C)C;2,2-dimethylhexane;11551;C8H18;32;30;8;114.232;FLTJDUOFAQWHDF-UHFFFAOYSA-N;71;4.2626798770413155;2.0794415416798357;3.4657359027997265;5;5;125.6;84;0;18.799999999999997;13;19.90625;1.1062500000000028;105.69375
2,3-Dimethylhexane;115.6;CCCC(C)C(C)C;2,3-dimethylhexane;11447;C8H18;30;30;8;114.232;JXPOLSKBTUYKJB-UHFFFAOYSA-N;70;4.248495242049359;2.0794415416798357;3.4011973816621555;7;5;125.6;84;-2;10.0;14;10.4375;0.4375;115.1625
2,4-Dimethylhexane;109.4;CCC(C)CC(C)C;2,4-dimethylhexane;11511;C8H18;30;29;8;114.232;HDGQICNBXPAKLR-UHFFFAOYSA-N;71;4.2626798770413155;2.0794415416798357;3.4011973816621555;6;5;125.6;84;-1;16.19999999999999;13;14.40625;-1.7937499999999886;111.19375
2,5-Dimethylhexane;109.1;CC(C)CCC(C)C;2,5-dimethylhexane;11592;C8H18;30;28;8;114.232;UWNADWZGEHDQAB-UHFFFAOYSA-N;74;4.30406509320417;2.0794415416798357;3.4011973816621555;5;5;125.6;84;0;16.5;10;15.3125;-1.1875;110.2875
3,3-Dimethylhexane;111.9;CCCC(C)(C)CC;3,3-dimethylhexane;11233;C8H18;32;32;8;114.232;KUMXLFIBWFCMOJ-UHFFFAOYSA-N;67;4.204692619390966;2.0794415416798357;3.4657359027997265;7;5;125.6;84;-2;13.699999999999989;17;15.03125;1.3312500000000114;110.56875
3,4-Dimethylhexane;117.7;CCC(C)C(C)CC;3,4-dimethylhexane;11412;C8H18;30;31;8;114.232;RNTWWGNZUXGTAX-UHFFFAOYSA-N;68;4.219507705176107;2.0794415416798357;3.4011973816621555;8;5;125.6;84;-3;7.8999999999999915;16;8.0;0.10000000000000853;117.6
2,4-Dimethyl-3-isopropylpentane;157.0;CC(C)C(C(C)C)C(C)C;2,4-dimethyl-3-propan-2-ylpentane;518775;C10H22;42;45;10;142.28599999999997;YVYHOOYMDHZALB-UHFFFAOYSA-N;117;4.762173934797756;2.302585092994046;3.7376696182833684;12;7;174.1;165;-5;17.099999999999994;48;19.54;2.4399999999999977;154.56
2,2-Dimethyloctane;154.0;CCCCCCC(C)(C)C;2,2-dimethyloctane;85150;C10H22;40;38;10;142.286;GPBUTTSWJNPYJL-UHFFFAOYSA-N;146;4.983606621708336;2.302585092994046;3.6888794541139363;7;7;174.1;165;0;20.099999999999994;19;18.62;-1.4799999999999898;155.48
2,3-Dimethyloctane;164.0;CCCCCC(C)C(C)C;2,3-dimethyloctane;23531;C10H22;38;38;10;142.28599999999997;YPMNDMUOGQJCLW-UHFFFAOYSA-N;143;4.962844630259907;2.302585092994046;3.6375861597263857;9;7;174.1;165;-2;10.099999999999994;22;10.559999999999999;0.46000000000000796;163.54
2,4-Dimethyloctane;154.0;CCCCC(C)CC(C)C;2,4-dimethyloctane;92978;C10H22;38;37;10;142.28599999999997;IXAVTTRPEXFVSX-UHFFFAOYSA-N;142;4.955827057601261;2.302585092994046;3.6375861597263857;8;7;174.1;165;-1;20.099999999999994;23;17.04;-3.0600000000000023;157.06
2,5-Dimethyloctane;157.0;CCCC(C)CCC(C)C;2,5-dimethyloctane;139988;C10H22;38;37;10;142.286;HOAAQUNESXYFDT-UHFFFAOYSA-N;143;4.962844630259907;2.302585092994046;3.6375861597263857;8;7;174.1;165;-1;17.099999999999994;22;16.06;-1.039999999999992;158.04
2,6-Dimethyloctane;158.0;CCC(C)CCCC(C)C;2,6-dimethyloctane;16319;C10H22;38;37;10;142.286;ZALHPSXXQIPKTQ-UHFFFAOYSA-N;146;4.983606621708336;2.302585092994046;3.6375861597263857;8;7;174.1;165;-1;16.099999999999994;19;13.120000000000001;-2.9799999999999898;160.98
2,7-Dimethyloctane;160.0;CC(C)CCCCC(C)C;2,7-dimethyloctane;14070;C10H22;38;36;10;142.286;KEVMYFLMMDUPJE-UHFFFAOYSA-N;151;5.017279836814924;2.302585092994046;3.6375861597263857;7;7;174.1;165;0;14.099999999999994;14;13.719999999999999;-0.37999999999999545;160.38
3,4-Dimethyloctane;162.0;CCCCC(C)C(C)CC;3,4-dimethyloctane;85926;C10H22;38;39;10;142.28599999999997;QQCWGAMGBCGAQJ-UHFFFAOYSA-N;137;4.919980925828125;2.302585092994046;3.6375861597263857;10;7;174.1;165;-3;12.099999999999994;28;10.939999999999998;-1.1599999999999966;163.16
3,6-Dimethyloctane;160.8;CCC(C)CCC(C)CC;3,6-dimethyloctane;85927;C10H22;38;38;10;142.286;JEEQUUSFXYRPRK-UHFFFAOYSA-N;141;4.948759890378168;2.302585092994046;3.6375861597263857;9;7;174.1;165;-2;13.299999999999983;24;12.52;-0.7799999999999727;161.57999999999998
2,2-Dimethylpentane;79.2;CCCC(C)(C)C;2,2-dimethylpentane;11542;C7H16;28;26;7;100.20499999999998;CXOWYJMDMMMMJO-UHFFFAOYSA-N;46;3.828641396489095;1.9459101490553132;3.332204510175204;4;4;98.38;56;0;19.179999999999993;10;20.0;0.8200000000000074;78.38
2,3-Dimethylpentane;89.8;CCC(C)C(C)C;2,3-dimethylpentane;11260;C7H16;26;26;7;100.20499999999998;WGECXQBGLLYSFP-UHFFFAOYSA-N;46;3.828641396489095;1.9459101490553132;3.258096538021482;6;4;98.38;56;-2;8.579999999999998;10;9.0;0.4200000000000017;89.38
2,4-Dimethylpentane;80.4;CC(C)CC(C)C;2,4-dimethylpentane;7907;C7H16;26;24;7;100.20499999999998;BZHMBWZPUJHVEE-UHFFFAOYSA-N;48;3.871201010907891;1.9459101490553132;3.258096538021482;4;4;98.38;56;0;17.97999999999999;8;16.0;-1.9799999999999898;82.38
3,3-Dimethylpentane;86.0;CCC(C)(C)CC;3,3-dimethylpentane;11229;C7H16;28;28;7;100.20499999999998;AEXMKKGTQYQZCS-UHFFFAOYSA-N;44;3.784189633918261;1.9459101490553132;3.332204510175204;6;4;98.38;56;-2;12.379999999999995;12;13.0;0.6200000000000045;85.38
Docosane;369.0;CCCCCCCCCCCCCCCCCCCCCC;docosane;12405;C22H46;82;80;22;310.61;HOWGUJZVBDQJKV-UHFFFAOYSA-N;1771;7.479299637782834;3.091042453358316;4.406719247264253;19;19;369.0;1771;0;0.0;0;0.0;0.0;369.0
Dotriacontane;470.0;CCCCCCCCCCCCCCCCCCCCCCCCCCCCCCCC;dotriacontane;11008;C32H66;122;120;32;450.8800000000005;QHMGJGNTMQDRQA-UHFFFAOYSA-N;5456;8.604471199523298;3.4657359027997265;4.804021044733257;29;29;470.0;5456;0;0.0;0;0.0;0.0;470.0
Eicosane;344.1;CCCCCCCCCCCCCCCCCCCC;icosane;8222;C20H42;74;72;20;282.5559999999999;CBFCDTFDPHXCNY-UHFFFAOYSA-N;1330;7.1929342212158;2.995732273553991;4.30406509320417;17;17;344.1;1330;0;0.0;0;0.0;0.0;344.1
3-Ethyl-2,2-dimethylpentane;134.0;CCC(CC)C(C)(C)C;3-ethyl-2,2-dimethylpentane;28026;C9H20;38;40;9;128.259;CLZCPQKGOAXOJT-UHFFFAOYSA-N;88;4.477336814478207;2.1972245773362196;3.6375861597263857;10;6;150.8;120;-4;16.80000000000001;32;16.71604938271605;-0.08395061728396058;134.08395061728396
3-Ethyl-2,3-dimethylpentane;142.0;CCC(C)(CC)C(C)C;3-ethyl-2,3-dimethylpentane;28027;C9H20;38;42;9;128.25899999999996;MMASVVOQIKCFJZ-UHFFFAOYSA-N;86;4.454347296253507;2.1972245773362196;3.6375861597263857;12;6;150.8;120;-6;8.800000000000011;34;8.135802469135804;-0.6641975308642145;142.66419753086421
3-Ethyl-2,4-dimethylpentane;123.0;CCC(C(C)C)C(C)C;3-ethyl-2,4-dimethylpentane;14040;C9H20;36;38;9;128.259;VLHAGZNBWKUMRW-UHFFFAOYSA-N;90;4.499809670330265;2.1972245773362196;3.58351893845611;10;6;150.8;120;-4;27.80000000000001;30;14.296296296296298;-13.503703703703707;136.5037037037037
3-Ethylheptane;143.1;CCCCC(CC)CC;3-ethylheptane;51806;C9H20;32;32;9;128.259;PSVQKOKKLWHNRP-UHFFFAOYSA-N;104;4.6443908991413725;2.1972245773362196;3.4657359027997265;8;6;150.8;120;-2;7.700000000000017;16;8.358024691358025;0.6580246913580083;142.441975308642
4-Ethylheptane;141.0;CCCC(CC)CCC;4-ethylheptane;16663;C9H20;32;32;9;128.259;XMROPFQWHHUFFS-UHFFFAOYSA-N;102;4.624972813284271;2.1972245773362196;3.4657359027997265;8;6;150.8;120;-2;9.800000000000011;18;10.777777777777779;0.9777777777777601;140.02222222222224
3-Ethylhexane;118.5;CCCC(CC)CC;3-ethylhexane;12096;C8H18;28;28;8;114.232;SFRKSDZMZHIISH-UHFFFAOYSA-N;72;4.276666119016055;2.0794415416798357;3.332204510175204;7;5;125.6;84;-2;7.099999999999994;12;7.375;0.2750000000000057;118.225
3-Ethyl-2-methylhexane;138.0;CCCC(CC)C(C)C;3-ethyl-2-methylhexane;86067;C9H20;34;35;9;128.259;MVLOWDRGPHBNNF-UHFFFAOYSA-N;96;4.564348191467836;2.1972245773362196;3.5263605246161616;9;6;150.8;120;-3;12.800000000000011;24;12.537037037037038;-0.2629629629629733;138.26296296296297
3-Ethyl-3-methylhexane;140.0;CCCC(C)(CC)CC;3-ethyl-3-methylhexane;18313;C9H20;36;38;9;128.259;CYWROHZCELEGSE-UHFFFAOYSA-N;92;4.5217885770490405;2.1972245773362196;3.58351893845611;10;6;150.8;120;-4;10.800000000000011;28;11.876543209876544;1.0765432098765473;138.92345679012345
3-Ethyl-4-methylhexane;140.0;CCC(C)C(CC)CC;3-ethyl-4-methylhexane;18314;C9H20;34;36;9;128.259;OKCRKWVABWILDR-UHFFFAOYSA-N;94;4.543294782270004;2.1972245773362196;3.5263605246161616;10;6;150.8;120;-4;10.800000000000011;26;9.456790123456791;-1.3432098765432272;141.34320987654323
4-Ethyl-2-methylhexane;134.0;CCC(CC)CC(C)C;4-ethyl-2-methylhexane;18312;C9H20;34;34;9;128.259;KYCZJIBOPKRSOV-UHFFFAOYSA-N;98;4.584967478670572;2.1972245773362196;3.5263605246161616;8;6;150.8;120;-2;16.80000000000001;22;15.617283950617285;-1.1827160493827193;135.18271604938272
3-Ethyl-2-methylpentane;115.6;CCC(CC)C(C)C;3-ethyl-2-methylpentane;11863;C8H18;30;31;8;114.232;DUPUVYJQZSLSJB-UHFFFAOYSA-N;67;4.204692619390966;2.0794415416798357;3.4011973816621555;8;5;125.6;84;-3;10.0;17;9.53125;-0.46875;116.06875
3-Ethyl-3-methylpentane;118.2;CCC(C)(CC)CC;3-ethyl-3-methylpentane;14018;C8H18;32;34;8;114.232;GIEZWIDCIFCQPS-UHFFFAOYSA-N;64;4.1588830833596715;2.0794415416798357;3.4657359027997265;9;5;125.6;84;-4;7.3999999999999915;20;8.625;1.2250000000000085;116.975
3-Ethyloctane;165.0;CCCCCC(CC)CC;3-ethyloctane;79985;C10H22;36;36;10;142.286;OEYGTUAKNZFCDJ-UHFFFAOYSA-N;145;4.976733742420574;2.302585092994046;3.58351893845611;9;7;174.1;165;-2;9.099999999999994;20;8.600000000000001;-0.5;165.5
4-Ethyloctane;163.0;CCCCC(CC)CCC;4-ethyloctane;85925;C10H22;36;36;10;142.286;NRJUFUBKIFIKFI-UHFFFAOYSA-N;141;4.948759890378168;2.302585092994046;3.58351893845611;9;7;174.1;165;-2;11.099999999999994;24;12.52;1.420000000000016;161.57999999999998
3-Ethylpentane;93.4;CCC(CC)CC;3-ethylpentane;12048;C7H16;24;24;7;100.205;AORMDLNPRGXHHL-UHFFFAOYSA-N;48;3.871201010907891;1.9459101490553132;3.1780538303479458;6;4;98.38;56;-2;4.97999999999999;8;5.0;0.020000000000010232;93.38
Heneicosane;359.0;CCCCCCCCCCCCCCCCCCCCC;henicosane;12403;C21H44;78;76;21;296.583;FNAZRRHPUDJQCJ-UHFFFAOYSA-N;1540;7.3395376954076745;3.044522437723423;4.356708826689592;18;18;359.0;1540;0;0.0;0;0.0;0.0;359.0
Hentriacontane;458.0;CCCCCCCCCCCCCCCCCCCCCCCCCCCCCCC;hentriacontane;12410;C31H64;118;116;31;436.8530000000004;IUJAMGNYPWYUPM-UHFFFAOYSA-N;4960;8.509161019718974;3.4339872044851463;4.770684624465665;28;28;458.0;4960;0;0.0;0;0.0;0.0;458.0
Heptacosane;442.0;CCCCCCCCCCCCCCCCCCCCCCCCCCC;heptacosane;11636;C27H56;102;100;27;380.7450000000002;BJQWYEJQWHSSCJ-UHFFFAOYSA-N;3276;8.09437844497296;3.295836866004329;4.624972813284271;24;24;442.0;3276;0;0.0;0;0.0;0.0;442.0
Heptadecane;303.0;CCCCCCCCCCCCCCCCC;heptadecane;12398;C17H36;62;60;17;240.4749999999999;NDJKXXJCMXVBJW-UHFFFAOYSA-N;816;6.704414354964107;2.833213344056216;4.127134385045092;14;14;303.0;816;0;0.0;0;0.0;0.0;303.0
2,2,4,4,6,8,8-Heptamethylnonane;246.0;CC(CC(C)(C)C)CC(C)(C)CC(C)(C)C;2,2,4,4,6,8,8-heptamethylnonane;20414;C16H34;78;79;16;226.44799999999995;VCLJODPNBNEBKW-UHFFFAOYSA-N;468;6.148468295917647;2.772588722239781;4.356708826689592;16;13;286.9;680;-3;40.89999999999998;212;64.65625;23.756250000000023;222.24374999999998
Heptane;98.38;CCCCCCC;heptane;8900;C7H16;22;20;7;100.205;IMNFDUFMRHMDMM-UHFFFAOYSA-N;56;4.02535169073515;1.9459101490553132;3.091042453358316;4;4;98.38;56;0;0.0;0;0.0;0.0;98.38
Hexacosane;415.0;CCCCCCCCCCCCCCCCCCCCCCCCCC;hexacosane;12407;C26H54;98;96;26;366.7180000000002;HMSWAIKSFDFLKN-UHFFFAOYSA-N;2925;7.981049759665957;3.258096538021482;4.584967478670572;23;23;415.0;2925;0;0.0;0;0.0;0.0;415.0
Hexadecane;286.9;CCCCCCCCCCCCCCCC;hexadecane;11006;C16H34;58;56;16;226.44799999999992;DCAYPVUWAIABOU-UHFFFAOYSA-N;680;6.522092798170152;2.772588722239781;4.060443010546419;13;13;286.9;680;0;0.0;0;0.0;0.0;286.9
2,6,10,15,19,23-Hexamethyltetracosane;420.0;CC(C)CCCC(C)CCCC(C)CCCCC(C)CCCC(C)CCCC(C)C;2,6,10,15,19,23-hexamethyltetracosane;8089;C30H62;126;128;30;422.8260000000003;PRAKJMSDJKAYCZ-UHFFFAOYSA-N;3803;8.24354550792826;3.4011973816621555;4.836281906951478;31;27;451.0;4495;-4;31.0;692;53.35111111111111;22.351111111111095;397.6488888888889
Hexane;68.72;CCCCCC;hexane;8058;C6H14;18;16;6;86.178;VLKZOEOYAKHREP-UHFFFAOYSA-N;35;3.5553480614894135;1.791759469228055;2.8903717578961645;3;3;68.72;35;0;0.0;0;0.0;0.0;68.72
Isobutane;-11.7;CC(C)C;2-methylpropane;6360;C4H10;12;9;4;58.124;NNPPMTNAJDCUHE-UHFFFAOYSA-N;9;2.1972245773362196;1.3862943611198906;2.4849066497880004;0;1;-0.5;10;1;11.2;1;11.625;0.4250000000000007;-12.125
2-Methyldecane;189.2;CCCCCCCCC(C)C;2-methyldecane;23415;C11H24;40;38;11;156.313;CNPVJWYWYZMPDS-UHFFFAOYSA-N;212;5.356586274672012;2.3978952727983707;3.6888794541139363;8;8;195.9;220;0;6.700000000000017;8;6.479338842975206;-0.22066115702480715;189.4206611570248
3-Methyldecane;192.0;CCCCCCCC(C)CC;3-methyldecane;92239;C11H24;40;39;11;156.313;JJRUZTXRDDMYGM-UHFFFAOYSA-N;206;5.327876168789581;2.3978952727983707;3.6888794541139363;9;8;195.9;220;-1;3.9000000000000057;14;5.83884297520661;1.9388429752065974;190.0611570247934
4-Methyldecane;188.0;CCCCCCC(C)CCC;4-methyldecane;17835;C11H24;40;39;11;156.313;DVWZNKLWPILULD-UHFFFAOYSA-N;202;5.308267697401205;2.3978952727983707;3.6888794541139363;9;8;195.9;220;-1;7.900000000000006;18;9.078512396694215;1.1785123966942024;186.8214876033058
2-Methylheptane;117.6;CCCCCC(C)C;2-methylheptane;11594;C8H18;28;26;8;114.232;JVSWJIKNEAIKJW-UHFFFAOYSA-N;79;4.3694478524670215;2.0794415416798357;3.332204510175204;5;5;125.6;84;0;8.0;5;7.65625;-0.34375;117.94375
3-Methylheptane;118.9;CCCCC(C)CC;3-methylheptane;11519;C8H18;28;27;8;114.232;LAIUFBWHERIJIH-UHFFFAOYSA-N;76;4.330733340286331;2.0794415416798357;3.332204510175204;6;5;125.6;84;-1;6.699999999999989;8;6.75;0.05000000000001137;118.85
4-Methylheptane;117.7;CCCC(C)CCC;4-methylheptane;11512;C8H18;28;27;8;114.232;CHBAWFGIXDBEBT-UHFFFAOYSA-N;75;4.31748811353631;2.0794415416798357;3.332204510175204;6;5;125.6;84;-1;7.8999999999999915;9;8.28125;0.3812500000000085;117.31875
2-Methylhexane;90.0;CCCCC(C)C;2-methylhexane;11582;C7H16;24;22;7;100.20499999999998;GXDHCNNESPLIKD-UHFFFAOYSA-N;52;3.9512437185814275;1.9459101490553132;3.1780538303479458;4;4;98.38;56;0;8.379999999999995;4;8.0;-0.37999999999999545;90.38
3-Methylhexane;92.0;CCCC(C)CC;3-methylhexane;11507;C7H16;24;23;7;100.205;VLJXXKKOSFGPHI-UHFFFAOYSA-N;50;3.912023005428146;1.9459101490553132;3.1780538303479458;5;4;98.38;56;-1;6.3799999999999955;6;6.5;0.12000000000000455;91.88
2-Methylnonane;167.0;CCCCCCCC(C)C;2-methylnonane;13379;C10H22;36;34;10;142.286;SGVYKUFIHHTIFL-UHFFFAOYSA-N;158;5.062595033026967;2.302585092994046;3.58351893845611;7;7;174.1;165;0;7.099999999999994;7;6.859999999999999;-0.2400000000000091;167.24
3-Methylnonane;168.0;CCCCCCC(C)CC;3-methylnonane;22202;C10H22;36;35;10;142.286;PLZDDPSCZHRBOY-UHFFFAOYSA-N;153;5.030437921392435;2.302585092994046;3.58351893845611;8;7;174.1;165;-1;6.099999999999994;12;6.26;0.1599999999999966;167.84
4-Methylnonane;166.0;CCCCCC(C)CCC;4-methylnonane;28455;C10H22;36;35;10;142.286;IALRSQMWHFKJJA-UHFFFAOYSA-N;150;5.0106352940962555;2.302585092994046;3.58351893845611;8;7;174.1;165;-1;8.099999999999994;15;9.2;1.0999999999999943;164.9
5-Methylnonane;164.0;CCCCC(C)CCCC;5-methylnonane;27518;C10H22;36;35;10;142.286;TYSIILFJZXHVPU-UHFFFAOYSA-N;149;5.003946305945459;2.302585092994046;3.58351893845611;8;7;174.1;165;-1;10.099999999999994;16;10.18;0.0800000000000125;163.92
2-Methyloctane;143.0;CCCCCCC(C)C;2-methyloctane;18591;C9H20;32;30;9;128.259;ZUBZATZOEPUUQF-UHFFFAOYSA-N;114;4.736198448394496;2.1972245773362196;3.4657359027997265;6;6;150.8;120;0;7.800000000000011;6;7.2592592592592595;-0.5407407407407447;143.54074074074074
3-Methyloctane;144.0;CCCCCC(C)CC;3-methyloctane;16664;C9H20;32;31;9;128.259;SEEOMASXHIJCDV-UHFFFAOYSA-N;110;4.700480365792417;2.1972245773362196;3.4657359027997265;7;6;150.8;120;-1;6.800000000000011;10;6.598765432098766;-0.2012345679012526;144.20123456790125
4-Methyloctane;142.0;CCCCC(C)CCC;4-methyloctane;16665;C9H20;32;31;9;128.259;DOGIHOCMZJUJNR-UHFFFAOYSA-N;108;4.68213122712422;2.1972245773362196;3.4657359027997265;7;6;150.8;120;-1;8.800000000000011;12;9.018518518518519;0.2185185185185219;141.78148148148148
2-Methylpentane;60.21;CCCC(C)C;2-methylpentane;7892;C6H14;20;18;6;86.178;AFABGHUZZDYHJO-UHFFFAOYSA-N;32;3.4657359027997265;1.791759469228055;2.995732273553991;3;3;68.72;35;0;8.509999999999998;3;8.166666666666668;-0.3433333333333266;60.55333333333333
3-Methylpentane;63.3;CCC(C)CC;3-methylpentane;7282;C6H14;20;19;6;86.178;PFEOZHBOMNWTJB-UHFFFAOYSA-N;31;3.4339872044851463;1.791759469228055;2.995732273553991;4;3;68.72;35;-1;5.420000000000002;4;5.388888888888889;-0.031111111111115974;63.33111111111111
2-Methylundecane;211.0;CCCCCCCCCC(C)C;2-methylundecane;23459;C12H26;44;42;12;170.34;GTJOHISYCKPIMT-UHFFFAOYSA-N;277;5.6240175061873385;2.4849066497880004;3.784189633918261;9;9;216.3;286;0;5.300000000000011;9;6.125;0.8249999999999886;210.175
3-Methylundecane;212.0;CCCCCCCCC(C)CC;3-methylundecane;13845;C12H26;44;43;12;170.33999999999995;HTZWVZNRDDOFEI-UHFFFAOYSA-N;270;5.598421958998375;2.4849066497880004;3.784189633918261;10;9;216.3;286;-1;4.300000000000011;16;5.388888888888889;1.0888888888888744;210.91111111111113
Nonacosane;443.0;CCCCCCCCCCCCCCCCCCCCCCCCCCCCC;nonacosane;12409;C29H60;110;108;29;408.7990000000003;IGGUPRCHHJZPBS-UHFFFAOYSA-N;4060;8.308938252595778;3.367295829986474;4.700480365792417;26;26;443.0;4060;0;0.0;0;0.0;0.0;443.0
Nonadecane;330.0;CCCCCCCCCCCCCCCCCCC;nonadecane;12401;C19H40;70;68;19;268.5289999999999;LQERIDTXQFOHKA-UHFFFAOYSA-N;1140;7.038783541388542;2.9444389791664403;4.248495242049359;16;16;330.0;1140;0;0.0;0;0.0;0.0;330.0
Octacontane;672.0;CCCCCCCCCCCCCCCCCCCCCCCCCCCCCCCCCCCCCCCCCCCCCCCCCCCCCCCCCCCCCCCCCCCCCCCCCCCCCCCC;octacontane;15043591;C80H162;314;312;80;1124.1759999999983;OVINWRTYCHUVDD-UHFFFAOYSA-N;85320;11.354164172585287;4.382026634673881;5.749392985908253;77;77;672.0;85320;0;0.0;0;0.0;0.0;672.0
Octacosane;432.0;CCCCCCCCCCCCCCCCCCCCCCCCCCCC;octacosane;12408;C28H58;106;104;28;394.7720000000003;ZYURHZPYMFLWSH-UHFFFAOYSA-N;3654;8.203577736937952;3.332204510175204;4.663439094112067;25;25;432.0;3654;0;0.0;0;0.0;0.0;432.0
Octadecane;316.0;CCCCCCCCCCCCCCCCCC;octadecane;11635;C18H38;66;64;18;254.5019999999999;RZJRJXONCZWCBN-UHFFFAOYSA-N;969;6.876264611890766;2.8903717578961645;4.189654742026425;15;15;316.0;969;0;0.0;0;0.0;0.0;316.0
Octane;125.6;CCCCCCCC;octane;356;C8H18;26;24;8;114.232;TVMXDCGIABBOFY-UHFFFAOYSA-N;84;4.430816798843313;2.0794415416798357;3.258096538021482;5;5;125.6;84;0;0.0;0;0.0;0.0;125.6
Pentacontane;575.0;CCCCCCCCCCCCCCCCCCCCCCCCCCCCCCCCCCCCCCCCCCCCCCCCCC;pentacontane;81067;C50H102;194;192;50;703.3659999999998;PFLUOWJPZLHUEA-UHFFFAOYSA-N;20825;9.943909467035043;3.912023005428146;5.267858159063328;47;47;575.0;20825;0;0.0;0;0.0;0.0;575.0
Pentacosane;401.9;CCCCCCCCCCCCCCCCCCCCCCCCC;pentacosane;12406;C25H52;94;92;25;352.69100000000014;YKNWIILGEFFOPE-UHFFFAOYSA-N;2600;7.8632667240095735;3.2188758248682006;4.543294782270004;22;22;401.9;2600;0;0.0;0;0.0;0.0;401.9
Pentadecane;270.6;CCCCCCCCCCCCCCC;pentadecane;12391;C15H32;54;52;15;212.42099999999996;YCOZIPAWZNQLMR-UHFFFAOYSA-N;560;6.327936783729195;2.70805020110221;3.9889840465642745;12;12;270.6;560;0;0.0;0;0.0;0.0;270.6
2,2,4,6,6-Pentamethylheptane;178.0;CC(CC(C)(C)C)CC(C)(C)C;2,2,4,6,6-pentamethylheptane;26058;C12H26;56;55;12;170.33999999999995;VKPSKYDESGTTFR-UHFFFAOYSA-N;211;5.351858133476067;2.4849066497880004;4.02535169073515;10;9;216.3;286;-1;38.30000000000001;75;45.54166666666667;7.241666666666674;170.75833333333333
2,2,3,3,4-Pentamethylpentane;166.0;CC(C)C(C)(C)C(C)(C)C;2,2,3,3,4-pentamethylpentane;519302;C10H22;48;54;10;142.28599999999997;WKQBIIUOSATALN-UHFFFAOYSA-N;108;4.68213122712422;2.302585092994046;3.871201010907891;15;7;174.1;165;-8;8.099999999999994;57;11.86;3.759999999999991;162.24
2,2,3,4,4-Pentamethylpentane;159.0;CC(C(C)(C)C)C(C)(C)C;2,2,3,4,4-pentamethylpentane;519303;C10H22;48;51;10;142.28599999999997;OWFKEHICSVOVAC-UHFFFAOYSA-N;111;4.709530201312334;2.302585092994046;3.871201010907891;12;7;174.1;165;-5;15.099999999999994;54;25.42;10.319999999999993;148.68
Pentane;36.06;CCCCC;pentane;8003;C5H12;14;12;5;72.151;OFBQJSOFQDEBGM-UHFFFAOYSA-N;20;2.995732273553991;1.6094379124341003;2.6390573296152584;2;2;36.06;20;0;0.0;0;0.0;0.0;36.06
Pentatriacontane;489.0;CCCCCCCCCCCCCCCCCCCCCCCCCCCCCCCCCCC;pentatriacontane;12413;C35H72;134;132;35;492.9610000000006;VHQQPFLOGSTQPC-UHFFFAOYSA-N;7140;8.87346805533363;3.5553480614894135;4.897839799950911;32;32;489.0;7140;0;0.0;0;0.0;0.0;489.0
4-Propylheptane;167.0;CCCC(CCC)CCC;4-propylheptane;137855;C10H22;36;36;10;142.286;ABYGSZMCWVXFCQ-UHFFFAOYSA-N;138;4.927253685157205;2.302585092994046;3.58351893845611;9;7;174.1;165;-2;7.099999999999994;27;15.46;8.360000000000014;158.64
Tetracosane;391.0;CCCCCCCCCCCCCCCCCCCCCCCC;tetracosane;12592;C24H50;90;88;24;338.6640000000001;POOSGDOYLQNASK-UHFFFAOYSA-N;2300;7.7406644019172415;3.1780538303479458;4.499809670330265;21;21;391.0;2300;0;0.0;0;0.0;0.0;391.0
Tetracontane;522.0;CCCCCCCCCCCCCCCCCCCCCCCCCCCCCCCCCCCCCCCC;tetracontane;20149;C40H82;154;152;40;563.0960000000005;KUPLEGDPSCCPJI-UHFFFAOYSA-N;10660;9.274253697719836;3.6888794541139363;5.0369526024136295;37;37;522.0;10660;0;0.0;0;0.0;0.0;522.0
Tetradecane;253.5;CCCCCCCCCCCCCC;tetradecane;12389;C14H30;50;48;14;198.39399999999995;BGHCVCJVXZWKCC-UHFFFAOYSA-N;455;6.12029741895095;2.6390573296152584;3.912023005428146;11;11;253.5;455;0;0.0;0;0.0;0.0;253.5
2,2,3,3-Tetramethylbutane;106.32;CC(C)(C)C(C)(C)C;2,2,3,3-tetramethylbutane;11675;C8H18;38;40;8;114.232;OMMLUKLXGSRPHK-UHFFFAOYSA-N;58;4.060443010546419;2.0794415416798357;3.6375861597263857;9;5;125.6;84;-4;19.28;26;17.8125;-1.4675000000000011;107.7875
2,2,3,3-Tetramethylhexane;160.0;CCCC(C)(C)C(C)(C)C;2,2,3,3-tetramethylhexane;26057;C10H22;46;50;10;142.28599999999997;RMQHJMMCLSJULX-UHFFFAOYSA-N;115;4.74493212836325;2.302585092994046;3.828641396489095;13;7;174.1;165;-6;14.099999999999994;50;16.0;1.9000000000000057;158.1
2,2,5,5-Tetramethylhexane;137.0;CC(C)(C)CCC(C)(C)C;2,2,5,5-tetramethylhexane;14067;C10H22;46;44;10;142.286;HXQDUXXBVMMIKL-UHFFFAOYSA-N;127;4.844187086458591;2.302585092994046;3.828641396489095;7;7;174.1;165;0;37.099999999999994;38;37.24;0.14000000000001478;136.85999999999999
3,3,4,4-Tetramethylhexane;170.0;CCC(C)(C)C(C)(C)CC;3,3,4,4-tetramethylhexane;78849;C10H22;46;52;10;142.28599999999997;MCEYLFHKATVXLN-UHFFFAOYSA-N;111;4.709530201312334;2.302585092994046;3.828641396489095;15;7;174.1;165;-8;4.099999999999994;54;8.920000000000002;4.819999999999993;165.18
2,2,3,3-Tetramethylpentane;140.2;CCC(C)(C)C(C)(C)C;2,2,3,3-tetramethylpentane;92723;C9H20;42;46;9;128.25899999999996;QUKOJKFJIHSBKV-UHFFFAOYSA-N;82;4.406719247264253;2.1972245773362196;3.7376696182833684;12;6;150.8;120;-6;10.600000000000023;38;12.97530864197531;2.3753086419752947;137.8246913580247
2,2,3,4-Tetramethylpentane;133.0;CC(C)C(C)C(C)(C)C;2,2,3,4-tetramethylpentane;14462;C9H20;40;42;9;128.259;VZFMYOCAEQDWDY-UHFFFAOYSA-N;86;4.454347296253507;2.1972245773362196;3.6888794541139363;10;6;150.8;120;-4;17.80000000000001;34;19.135802469135804;1.3358024691357855;131.66419753086421
2,2,4,4-Tetramethylpentane;122.2;CC(C)(C)CC(C)(C)C;2,2,4,4-tetramethylpentane;14058;C9H20;42;40;9;128.259;GUMULFRCHLJNDY-UHFFFAOYSA-N;88;4.477336814478207;2.1972245773362196;3.7376696182833684;6;6;150.8;120;0;28.60000000000001;32;38.71604938271605;10.116049382716042;112.08395061728396
2,3,3,4-Tetramethylpentane;141.5;CC(C)C(C)(C)C(C)C;2,3,3,4-tetramethylpentane;28028;C9H20;40;44;9;128.25899999999996;JLCYYQOQSAMWTA-UHFFFAOYSA-N;84;4.430816798843313;2.1972245773362196;3.6888794541139363;12;6;150.8;120;-6;9.300000000000011;36;10.555555555555557;1.2555555555555316;140.24444444444447
Triacontane;451.0;CCCCCCCCCCCCCCCCCCCCCCCCCCCCCC;triacontane;12535;C30H62;114;112;30;422.8260000000004;JXTPJDDICSTXJX-UHFFFAOYSA-N;4495;8.410720946905721;3.4011973816621555;4.736198448394496;27;27;451.0;4495;0;0.0;0;0.0;0.0;451.0
Tricosane;381.0;CCCCCCCCCCCCCCCCCCCCCCC;tricosane;12534;C23H48;86;84;23;324.63700000000006;FIGVVZUWCLSUEI-UHFFFAOYSA-N;2024;7.6128310304073565;3.1354942159291497;4.454347296253507;20;20;381.0;2024;0;0.0;0;0.0;0.0;381.0
2,2,3-Trimethylbutane;80.8;CC(C)C(C)(C)C;2,2,3-trimethylbutane;10044;C7H16;30;30;7;100.20499999999998;ZISSAWUMDACLOM-UHFFFAOYSA-N;42;3.7376696182833684;1.9459101490553132;3.4011973816621555;6;4;98.38;56;-2;17.58;14;17.0;-0.5799999999999983;81.38
2,2,6-Trimethylheptane;149.0;CC(C)CCCC(C)(C)C;2,2,6-trimethylheptane;518457;C10H22;42;40;10;142.286;FHJCGIUZJXWNET-UHFFFAOYSA-N;139;4.9344739331306915;2.302585092994046;3.7376696182833684;7;7;174.1;165;0;25.099999999999994;26;25.48;0.37999999999999545;148.62
2,5,5-Trimethylheptane;153.0;CCC(C)(C)CCC(C)C;2,5,5-trimethylheptane;14478;C10H22;42;42;10;142.28599999999997;SOYLPZSOEXZMLE-UHFFFAOYSA-N;131;4.875197323201151;2.302585092994046;3.7376696182833684;9;7;174.1;165;-2;21.099999999999994;34;22.32;1.2199999999999989;151.78
3,3,5-Trimethylheptane;157.0;CCC(C)CC(C)(C)CC;3,3,5-trimethylheptane;23544;C10H22;42;43;10;142.286;VRVRZZWPKABUOE-UHFFFAOYSA-N;126;4.836281906951478;2.302585092994046;3.7376696182833684;10;7;174.1;165;-3;17.099999999999994;39;21.72;4.6200000000000045;152.38
3,4,5-Trimethylheptane;162.5;CCC(C)C(C)C(C)CC;3,4,5-trimethylheptane;89304;C10H22;40;43;10;142.28599999999997;LJIIBBYARMPSMT-UHFFFAOYSA-N;125;4.8283137373023015;2.302585092994046;3.6888794541139363;12;7;174.1;165;-5;11.599999999999994;40;11.700000000000003;0.10000000000002274;162.39999999999998
2,2,3-Trimethylhexane;134.0;CCCC(C)C(C)(C)C;2,2,3-trimethylhexane;28021;C9H20;38;39;9;128.259;CBVFSZDQEHBJEQ-UHFFFAOYSA-N;92;4.5217885770490405;2.1972245773362196;3.6375861597263857;9;6;150.8;120;-3;16.80000000000001;28;17.376543209876544;0.5765432098765473;133.42345679012345
2,2,4-Trimethylhexane;127.0;CCC(C)CC(C)(C)C;2,2,4-trimethylhexane;28022;C9H20;38;37;9;128.259;AFTPEBDOGXRMNQ-UHFFFAOYSA-N;94;4.543294782270004;2.1972245773362196;3.6375861597263857;7;6;150.8;120;-1;23.80000000000001;26;25.95679012345679;2.156790123456773;124.84320987654323
2,2,5-Trimethylhexane;124.0;CC(C)CCC(C)(C)C;2,2,5-trimethylhexane;19041;C9H20;38;36;9;128.259;HHOSMYBYIHNXNO-UHFFFAOYSA-N;98;4.584967478670572;2.1972245773362196;3.6375861597263857;6;6;150.8;120;0;26.80000000000001;22;26.617283950617285;-0.18271604938271935;124.18271604938272
2,3,3-Trimethylhexane;137.0;CCCC(C)(C)C(C)C;2,3,3-trimethylhexane;28023;C9H20;38;40;9;128.25899999999996;DJYSEQMMCZAKGT-UHFFFAOYSA-N;90;4.499809670330265;2.1972245773362196;3.6375861597263857;10;6;150.8;120;-4;13.800000000000011;30;14.296296296296298;0.49629629629629335;136.5037037037037
2,3,4-Trimethylhexane;139.0;CCC(C)C(C)C(C)C;2,3,4-trimethylhexane;13533;C9H20;36;38;9;128.25899999999996;RUTNOQHQISEBGT-UHFFFAOYSA-N;92;4.5217885770490405;2.1972245773362196;3.58351893845611;10;6;150.8;120;-4;11.800000000000011;28;11.876543209876544;0.07654320987654728;138.92345679012345
2,3,5-Trimethylhexane;131.0;CC(C)CC(C)C(C)C;2,3,5-trimethylhexane;14045;C9H20;36;36;9;128.25899999999996;ODGLTLJZCVNPBU-UHFFFAOYSA-N;96;4.564348191467836;2.1972245773362196;3.58351893845611;8;6;150.8;120;-2;19.80000000000001;24;18.037037037037038;-1.7629629629629733;132.76296296296297
2,4,4-Trimethylhexane;130.6;CCC(C)(C)CC(C)C;2,4,4-trimethylhexane;28024;C9H20;38;38;9;128.25899999999996;SVEMKBCPZYWEPH-UHFFFAOYSA-N;92;4.5217885770490405;2.1972245773362196;3.6375861597263857;8;6;150.8;120;-2;20.200000000000017;28;22.876543209876544;2.6765432098765274;127.92345679012347
3,3,4-Trimethylhexane;139.0;CCC(C)C(C)(C)CC;3,3,4-trimethylhexane;28025;C9H20;38;41;9;128.259;ARWOOWBJJKVYOV-UHFFFAOYSA-N;88;4.477336814478207;2.1972245773362196;3.6375861597263857;11;6;150.8;120;-5;11.800000000000011;32;11.21604938271605;-0.5839506172839606;139.58395061728396
2,2,3-Trimethylpentane;109.8;CCC(C)C(C)(C)C;2,2,3-trimethylpentane;11255;C8H18;34;35;8;114.232;XTDQDBVBDLYELW-UHFFFAOYSA-N;63;4.143134726391533;2.0794415416798357;3.5263605246161616;8;5;125.6;84;-3;15.799999999999997;21;15.65625;-0.14374999999999716;109.94375
2,2,4-Trimethylpentane;99.2;CC(C)CC(C)(C)C;2,2,4-trimethylpentane;10907;C8H18;34;32;8;114.232;NHTMVDHEPJAVLT-UHFFFAOYSA-N;66;4.189654742026425;2.0794415416798357;3.5263605246161616;5;5;125.6;84;0;26.39999999999999;18;27.5625;1.1625000000000085;98.0375
2,3,3-Trimethylpentane;114.7;CCC(C)(C)C(C)C;2,3,3-trimethylpentane;11215;C8H18;34;36;8;114.23199999999996;OKVWYBALHQFVFP-UHFFFAOYSA-N;62;4.127134385045092;2.0794415416798357;3.5263605246161616;9;5;125.6;84;-4;10.899999999999991;22;11.6875;0.7875000000000085;113.9125
2,3,4-Trimethylpentane;113.4;CC(C)C(C)C(C)C;2,3,4-trimethylpentane;11269;C8H18;32;33;8;114.232;RLPGDEORIPLBNF-UHFFFAOYSA-N;65;4.174387269895637;2.0794415416798357;3.4657359027997265;8;5;125.6;84;-3;12.199999999999989;19;12.59375;0.39375000000001137;113.00625
Undecane;195.9;CCCCCCCCCCC;undecane;14257;C11H24;38;36;11;156.313;RSJKGSCJYJTIGS-UHFFFAOYSA-N;220;5.393627546352362;2.3978952727983707;3.6375861597263857;8;8;195.9;220;0;0.0;0;0.0;0.0;195.9
Decane;174.1;CCCCCCCCCC;decane;15600;C10H22;34;32;10;142.286;DIOQZVSQGTUSAI-UHFFFAOYSA-N;165;5.10594547390058;2.302585092994046;3.5263605246161616;7;7;174.1;165;0;0.0;0;0.0;0.0;174.1
Nonane;150.8;CCCCCCCCC;nonane;8141;C9H20;30;28;9;128.259;BKIMMITUMNQMOS-UHFFFAOYSA-N;120;4.787491742782046;2.1972245773362196;3.4011973816621555;6;6;150.8;120;0;0.0;0;0.0;0.0;150.8
